Date and Time,Coin Name,Current Price,24h Change,Market Capitalization
2026-10-03 18:14:30,Bitcoin,"$84,877.78",2.23%,$1.7T
2026-10-03 18:14:30,Ethereum,"$2,682.02",2.88%,$327.46B
2026-10-03 18:14:30,Tether,$0.9998,0.02%,$184.05B
2026-10-03 18:14:30,BNB,$770.64,1.17%,$102.61B
2026-10-03 18:14:30,XRP,$1.48,3.66%,$93.74B
2026-10-03 18:14:30,USDC,$0.9999,0.02%,$74.12B
2026-10-03 18:14:30,Solana,$119.45,2.39%,$70.25B
2026-10-03 18:14:30,TRON,$0.3364,0.44%,$31.95B
2026-10-03 18:14:30,Zcash,"$1,309.02",5.78%,$22.12B
2026-10-03 18:14:30,Hyperliquid,$87.94,3.20%,$22.07B
2026-10-03 18:19:06,Bitcoin,"$84,872.24",2.13%,$1.7T
2026-10-03 18:19:06,Ethereum,"$2,682.83",2.65%,$327.46B
2026-10-03 18:19:06,Tether,$0.9998,0.02%,$184.05B
2026-10-03 18:19:06,BNB,$770.64,1.17%,$102.61B
2026-10-03 18:19:06,XRP,$1.48,3.66%,$93.74B
2026-10-03 18:19:06,USDC,$0.9999,0.02%,$74.12B
2026-10-03 18:19:06,Solana,$119.45,2.39%,$70.25B
2026-10-03 18:19:06,TRON,$0.3364,0.44%,$31.95B
2026-10-03 18:19:06,Hyperliquid,$87.94,3.20%,$22.07B
2026-10-03 18:19:06,Zcash,"$1,309.02",5.78%,$22.12B
2026-10-03 18:22:47,Bitcoin,"$84,804.51",2.02%,$1.7T
2026-10-03 18:22:47,Ethereum,"$2,680.90",2.21%,$327.46B
2026-10-03 18:22:47,Tether,$0.9998,0.00%,$184.05B
2026-10-03 18:22:47,BNB,$770.97,1.12%,$102.66B
2026-10-03 18:22:47,XRP,$1.48,3.87%,$93.7B
2026-10-03 18:22:47,USDC,$0.9999,0.00%,$74.12B
2026-10-03 18:22:47,Solana,$119.36,2.42%,$70.2B
2026-10-03 18:22:47,TRON,$0.3363,0.41%,$31.94B
2026-10-03 18:22:47,Hyperliquid,$87.90,3.44%,$22.06B
2026-10-03 18:22:47,Zcash,"$1,307.36",5.93%,$22.09B
2026-10-03 18:25:14,Bitcoin,"$84,816.55",2.13%,$1.7T
2026-10-03 18:25:14,Ethereum,"$2,681.20",2.46%,$327.34B
2026-10-03 18:25:14,Tether,$0.9998,0.01%,$184.06B
2026-10-03 18:25:14,BNB,$770.86,0.99%,$102.64B
2026-10-03 18:25:14,XRP,$1.48,3.66%,$93.61B
2026-10-03 18:25:14,USDC,$1.00,0.01%,$74.12B
2026-10-03 18:25:14,Solana,$119.33,2.15%,$70.18B
2026-10-03 18:25:14,TRON,$0.3363,0.42%,$31.94B
2026-10-03 18:25:14,Hyperliquid,$87.91,3.11%,$22.06B
2026-10-03 18:25:14,Zcash,"$1,305.47",5.28%,$22.06B
2026-10-03 18:26:41,Bitcoin,"$84,816.55",2.13%,$1.7T
2026-10-03 18:26:41,Ethereum,"$2,681.20",2.46%,$327.34B
2026-10-03 18:26:41,Tether,$0.9998,0.01%,$184.06B
2026-10-03 18:26:41,BNB,$770.86,0.99%,$102.64B
2026-10-03 18:26:41,XRP,$1.48,3.66%,$93.61B
2026-10-03 18:26:41,USDC,$1.00,0.01%,$74.12B
2026-10-03 18:26:41,Solana,$119.33,2.15%,$70.18B
2026-10-03 18:26:41,TRON,$0.3363,0.42%,$31.94B
2026-10-03 18:26:41,Hyperliquid,$87.91,3.11%,$22.06B
2026-10-03 18:26:41,Zcash,"$1,305.47",5.28%,$22.06B
2026-10-03 18:41:38,Bitcoin,"$84,832.51",2.32%,$1.7T
2026-10-03 18:41:38,Ethereum,"$2,681.45",2.73%,$327.5B
2026-10-03 18:41:38,Tether,$0.9998,0.01%,$184.05B
2026-10-03 18:41:38,BNB,$771.65,1.12%,$102.75B
2026-10-03 18:41:38,XRP,$1.48,3.82%,$93.7B
2026-10-03 18:41:38,USDC,$1.00,0.02%,$74.12B
2026-10-03 18:41:38,Solana,$119.48,2.46%,$70.27B
2026-10-03 18:41:38,TRON,$0.3359,0.35%,$31.91B
2026-10-03 18:41:38,Hyperliquid,$88.18,3.09%,$22.13B
2026-10-03 18:41:38,Zcash,"$1,306.73",5.82%,$22.08B
2026-10-03 18:42:12,Bitcoin,"$84,818.28",2.25%,$1.7T
2026-10-03 18:42:12,Ethereum,"$2,681.32",2.65%,$327.35B
2026-10-03 18:42:12,Tether,$0.9998,0.01%,$184.05B
2026-10-03 18:42:12,BNB,$771.52,1.21%,$102.73B
2026-10-03 18:42:12,XRP,$1.48,3.72%,$93.71B
2026-10-03 18:42:12,USDC,$0.9999,0.02%,$74.12B
2026-10-03 18:42:12,Solana,$119.47,2.50%,$70.27B
2026-10-03 18:42:12,TRON,$0.3358,0.30%,$31.89B
2026-10-03 18:42:12,Hyperliquid,$88.17,2.97%,$22.13B
2026-10-03 18:42:12,Zcash,"$1,306.28",5.94%,$22.07B
2026-10-03 18:42:38,Bitcoin,"$84,818.28",2.25%,$1.7T
2026-10-03 18:42:38,Ethereum,"$2,681.32",2.65%,$327.35B
2026-10-03 18:42:38,Tether,$0.9998,0.01%,$184.05B
2026-10-03 18:42:38,BNB,$771.52,1.21%,$102.73B
2026-10-03 18:42:38,XRP,$1.48,3.72%,$93.71B
2026-10-03 18:42:38,USDC,$0.9999,0.02%,$74.12B
2026-10-03 18:42:38,Solana,$119.47,2.50%,$70.27B
2026-10-03 18:42:38,TRON,$0.3358,0.30%,$31.89B
2026-10-03 18:42:38,Hyperliquid,$88.17,2.97%,$22.13B
2026-10-03 18:42:38,Zcash,"$1,306.28",5.94%,$22.07B
2026-10-03 18:50:04,Bitcoin,"$84,837.23",2.12%,$1.7T
2026-10-03 18:50:04,Ethereum,"$2,680.48",2.55%,$327.29B
2026-10-03 18:50:04,Tether,$0.9997,0.00%,$184.04B
2026-10-03 18:50:04,BNB,$771.84,1.16%,$102.77B
2026-10-03 18:50:04,XRP,$1.48,3.69%,$93.74B
2026-10-03 18:50:04,USDC,$0.9999,0.01%,$74.12B
2026-10-03 18:50:04,Solana,$119.53,2.50%,$70.3B
2026-10-03 18:50:04,TRON,$0.3356,0.27%,$31.87B
2026-10-03 18:50:04,Hyperliquid,$88.57,2.72%,$22.23B
2026-10-03 18:50:04,Zcash,"$1,308.05",5.83%,$22.1B
2026-10-03 19:12:33,Bitcoin,"$84,931.41",2.42%,$1.7T
2026-10-03 19:12:33,Ethereum,"$2,680.87",2.99%,$327.03B
2026-10-03 19:12:33,Tether,$0.9998,0.00%,$184.05B
2026-10-03 19:12:33,BNB,$772.14,1.05%,$102.81B
2026-10-03 19:12:33,XRP,$1.48,3.54%,$93.6B
2026-10-03 19:12:33,USDC,$1.00,0.01%,$74.12B
2026-10-03 19:12:33,Solana,$119.43,2.34%,$70.24B
2026-10-03 19:12:33,TRON,$0.3358,0.33%,$31.9B
2026-10-03 19:12:33,Hyperliquid,$88.56,2.67%,$22.22B
2026-10-03 19:12:33,Zcash,"$1,302.86",5.86%,$22.01B
2026-10-03 19:13:37,Bitcoin,"$84,931.41",2.42%,$1.7T
2026-10-03 19:13:37,Ethereum,"$2,680.87",2.99%,$327.03B
2026-10-03 19:13:37,Tether,$0.9998,0.00%,$184.05B
2026-10-03 19:13:37,BNB,$772.14,1.05%,$102.81B
2026-10-03 19:13:37,XRP,$1.48,3.54%,$93.6B
2026-10-03 19:13:37,USDC,$1.00,0.01%,$74.12B
2026-10-03 19:13:37,Solana,$119.43,2.34%,$70.24B
2026-10-03 19:13:37,TRON,$0.3358,0.33%,$31.9B
2026-10-03 19:13:37,Hyperliquid,$88.56,2.67%,$22.22B
2026-10-03 19:13:37,Zcash,"$1,302.86",5.86%,$22.01B
2026-10-03 19:14:14,Bitcoin,"$84,904.19",2.47%,$1.7T
2026-10-03 19:14:14,Ethereum,"$2,680.82",3.05%,$327.04B
2026-10-03 19:14:14,Tether,$0.9998,0.01%,$184.06B
2026-10-03 19:14:14,BNB,$772.38,1.05%,$102.84B
2026-10-03 19:14:14,XRP,$1.48,3.60%,$93.61B
2026-10-03 19:14:14,USDC,$1.00,0.01%,$74.12B
2026-10-03 19:14:14,Solana,$119.44,2.63%,$70.25B
2026-10-03 19:14:14,TRON,$0.3358,0.29%,$31.89B
2026-10-03 19:14:14,Hyperliquid,$88.62,2.62%,$22.24B
2026-10-03 19:14:14,Zcash,"$1,303.70",6.09%,$22.03B
2026-10-03 19:21:52,Bitcoin,"$84,834.18",2.35%,$1.7T
2026-10-03 19:21:52,Ethereum,"$2,680.44",2.93%,$327.29B
2026-10-03 19:21:52,Tether,$0.9998,0.02%,$184.05B
2026-10-03 19:21:52,BNB,$772.57,1.30%,$102.87B
2026-10-03 19:21:52,XRP,$1.48,3.96%,$93.68B
2026-10-03 19:21:52,USDC,$1.00,0.02%,$74.12B
2026-10-03 19:21:52,Solana,$119.50,2.89%,$70.28B
2026-10-03 19:21:52,TRON,$0.3358,0.27%,$31.9B
2026-10-03 19:21:52,Hyperliquid,$88.70,2.88%,$22.26B
2026-10-03 19:21:52,Zcash,"$1,304.38",6.72%,$22.04B
2026-10-04 11:29:08,Bitcoin,"$84,904.72",0.32%,$1.7T
2026-10-04 11:29:08,Ethereum,"$2,695.49",0.71%,$329.14B
2026-10-04 11:29:08,Tether,$0.9998,0.01%,$184.05B
2026-10-04 11:29:08,BNB,$786.86,2.59%,$104.77B
2026-10-04 11:29:08,XRP,$1.49,0.33%,$94.16B
2026-10-04 11:29:08,USDC,$0.9999,0.00%,$74.07B
2026-10-04 11:29:08,Solana,$120.95,1.18%,$71.13B
2026-10-04 11:29:08,TRON,$0.3354,0.14%,$31.85B
2026-10-04 11:29:08,Hyperliquid,$90.01,1.62%,$22.59B
2026-10-04 11:29:08,Zcash,"$1,336.09",1.19%,$22.57B
2026-10-04 11:44:32,Bitcoin,"$84,909.52",0.32%,$1.7T
2026-10-04 11:44:32,Ethereum,"$2,694.62",0.64%,$329.02B
2026-10-04 11:44:32,Tether,$0.9998,0.01%,$184.06B
2026-10-04 11:44:32,BNB,$786.74,2.58%,$104.76B
2026-10-04 11:44:32,XRP,$1.49,0.43%,$94.13B
2026-10-04 11:44:32,USDC,$0.9999,0.00%,$74.07B
2026-10-04 11:44:32,Solana,$120.84,1.06%,$71.07B
2026-10-04 11:44:32,TRON,$0.3354,0.17%,$31.85B
2026-10-04 11:44:32,Hyperliquid,$89.91,1.65%,$22.56B
2026-10-04 11:44:32,Zcash,"$1,327.03",0.51%,$22.42B
